{
  "aoa3:overworld/by_the_books": {
    "criteria": {
      "legitimate": "2022-07-21 12:06:13 -0700"
    },
    "done": true
  },
  "iceandfire:iceandfire/root": {
    "criteria": {
      "tick": "2022-07-21 12:06:17 -0700"
    },
    "done": true
  },
  "overlord:overlord/root": {
    "criteria": {
      "enter_block": "2022-07-21 12:06:13 -0700"
    },
    "done": true
  },
  "aoa3:overworld/root": {
    "criteria": {
      "playerjoin": "2022-07-21 12:06:13 -0700"
    },
    "done": true
  },
  "heroesexpansion:root": {
    "criteria": {
      "tick": "2022-07-21 12:06:17 -0700"
    },
    "done": true
  },
  "cfm:root": {
    "criteria": {
      "tick": "2022-07-21 12:06:17 -0700"
    },
    "done": true
  },
  "cfm:install": {
    "criteria": {
      "tick": "2022-07-21 12:06:17 -0700"
    },
    "done": true
  },
  "minecraft:adventure/adventuring_time": {
    "criteria": {
      "forest": "2022-07-21 12:06:13 -0700"
    },
    "done": false
  }
}