{
  "aoa3:overworld/by_the_books": {
    "criteria": {
      "legitimate": "2022-07-10 23:33:27 -0400"
    },
    "done": true
  },
  "mts:rtfm": {
    "criteria": {
      "has_manual": "2022-07-10 23:33:49 -0400"
    },
    "done": true
  },
  "iceandfire:iceandfire/root": {
    "criteria": {
      "tick": "2022-07-10 23:33:40 -0400"
    },
    "done": true
  },
  "aoa3:overworld/root": {
    "criteria": {
      "playerjoin": "2022-07-10 23:33:27 -0400"
    },
    "done": true
  },
  "overlord:overlord/root": {
    "criteria": {
      "enter_block": "2022-07-10 23:33:31 -0400"
    },
    "done": true
  },
  "cfm:root": {
    "criteria": {
      "tick": "2022-07-10 23:33:40 -0400"
    },
    "done": true
  },
  "cfm:install": {
    "criteria": {
      "tick": "2022-07-10 23:33:40 -0400"
    },
    "done": true
  }
}